{"alpha": 0.8426585759717724, "beta": 0.020279213814659358, "y": [-0.47080045136990123, -0.0019709314215682894, 1.6240253298214498, 0.9251267612719947, 1.2700446670019425, 0.4042350196557731, 0.17555744292320724, 2.325068932095496, -0.23822202995048447, -0.6774810512262597, 0.8557624233140991, -0.8553698042170038, 2.948865638752036, -0.7323433948543858, 1.6534978399836906, 1.4295627205787527, -0.01632299477067603, -1.7884621032541332, -1.0126324545575731, 0.7961524017060506, 1.7804313001604692, 1.4768019766796763, 0.29903159339514945, 0.793267241706591, -1.4792847365067925, -0.19388681724228307, -1.3857178420579606, -0.18846732860340987, -0.8387896851001422, 1.1649864611789797, 1.5472728812033796, -0.28294371905073773, -2.0257881433183442, -0.06499403536740089, -1.0772284777869006, 1.2655424965886908, 1.5013110479379341, 1.5423740289324177, -0.41918813237212016, -0.7554981062432973, -1.6722352765279647, 2.0403784546778856, 0.09118350478331211, -0.8038088550070361, 1.1081966323693178, -0.38195434959433194, 1.4508706748840683, -0.24376281258723626, 1.3410148785000195, 0.02736632143638207, 2.0900824985702844, 1.3133880443181525, -0.40643934012695987, 0.5275123703150066, 0.47449582635078513, 0.44006276603636013, -0.4553638937905727, 0.8819542889298159, 0.12164871922019527, 1.2536679326703704, -0.888075617144568, 0.3397315410268169, 0.5910572285610505, -0.4842767442980127, 0.6500467152064954, 0.6065497289899371, -1.019478563975353, -0.7906312281594493, -0.5497171568102618, 2.862687394868405, 1.5360603994549078, 1.422028315431581, -0.9573805056292948, 1.2292347572156648, 0.8523639168510383, -0.22235130660423674, 2.0247701235359634, 1.7924088275040293, -0.9224569822566672, 0.4244078454441831, 2.256408716547944, 0.03163982402184473, -0.7076344995451687, 1.5527015085759617, 1.5737691623775025, 2.7881983869819007, 1.0311627503776328, 0.21684595667345163, 1.5763570195269678, 0.03593387900003542, 1.2003673002304411, 0.9400242683809265, 2.3657086606352147, 1.0058679532457329, 0.38071676825631856, 1.8771167068022907, -0.35753630017062354, 2.4035723767694135, -0.2975550113545282, 0.5182398711620841, -0.649322633470668]}
